{
    "radius": 10.658422950165445,
    "texture": 11.922914198735356,
    "perimeter": 47.90625837239946,
    "area": 649.1276861319288,
    "smoothness": 0.08977851637168165,
    "compactness": 0.02111039390909482,
    "concavity": 0.23266561818983753,
    "concave_points": 0.04405233758538468,
    "symmetry": 0.1891169108108564,
    "fractal_dimension": 0.05980859589066922
}