{
    "holiday": 0,
    "working_day": 1,
    "temperature": 0.7189525180563981,
    "feeling_temperature": 0.4012800482951001,
    "humidity": 0.5521608522669472,
    "wind_speed": 0.2014012398478465,
    "season": 1.4313410999965355,
    "weather": 1.7067663298426186,
    "year": 0.5494384185119519,
    "month": 11.722803848493037,
    "week_day": 5.9462068771215995
}